date,season,competition,stage,team,opponent,venue,stadium,city,country,goals,assists,club_or_country,career_goals,career_assists,career_goal_contributions
2005-05-01,2004-05,La Liga,League Matchday,FC Barcelona,Albacete,Home,Camp Nou,Barcelona,Spain,1,0,FC Barcelona,1,0,1
2005-11-27,2005-06,La Liga,League Matchday,FC Barcelona,Racing Santander,Home,Camp Nou,Barcelona,Spain,1,0,FC Barcelona,2,0,2
2006-01-15,2005-06,La Liga,League Matchday,FC Barcelona,Athletic Bilbao,Home,Camp Nou,Barcelona,Spain,1,0,FC Barcelona,3,0,3
2006-01-22,2005-06,La Liga,League Matchday,FC Barcelona,Alaves,Home,Camp Nou,Barcelona,Spain,1,0,FC Barcelona,4,0,4
2006-01-29,2005-06,La Liga,League Matchday,FC Barcelona,Mallorca,Away,Son Moix,Palma,Spain,2,0,FC Barcelona,6,0,6
2006-02-18,2005-06,La Liga,League Matchday,FC Barcelona,Real Betis,Home,Camp Nou,Barcelona,Spain,1,0,FC Barcelona,7,0,7
2006-08-28,2006-07,La Liga,League Matchday,FC Barcelona,Celta de Vigo,Away,Balaidos,Vigo,Spain,1,0,FC Barcelona,8,0,8
2006-09-09,2006-07,La Liga,League Matchday,FC Barcelona,CA Osasuna,Home,Camp Nou,Barcelona,Spain,1,0,FC Barcelona,9,0,9
2006-10-15,2006-07,La Liga,League Matchday,FC Barcelona,Sevilla,Home,Camp Nou,Barcelona,Spain,1,0,FC Barcelona,10,0,10
2007-03-10,2006-07,La Liga,League Matchday,FC Barcelona,Real Madrid,Home,Camp Nou,Barcelona,Spain,3,0,FC Barcelona,13,0,13
2007-03-17,2006-07,La Liga,League Matchday,FC Barcelona,Recreativo Huelva,Away,Nuevo Colombino,Huelva,Spain,1,0,FC Barcelona,14,0,14
2007-03-31,2006-07,La Liga,League Matchday,FC Barcelona,Deportivo La Coruna,Home,Camp Nou,Barcelona,Spain,1,0,FC Barcelona,15,0,15
2007-05-20,2006-07,La Liga,League Matchday,FC Barcelona,Atletico Madrid,Away,Vicente Calderon,Madrid,Spain,2,0,FC Barcelona,17,0,17
2007-06-09,2006-07,La Liga,League Matchday,FC Barcelona,RCD Espanyol,Home,Camp Nou,Barcelona,Spain,2,0,FC Barcelona,19,0,19
2007-06-17,2006-07,La Liga,League Matchday,FC Barcelona,Gimnastic Tarragona,Away,Nou Estadi,Tarragona,Spain,2,0,FC Barcelona,21,0,21
2007-09-22,2007-08,La Liga,League Matchday,FC Barcelona,Sevilla,Home,Camp Nou,Barcelona,Spain,2,0,FC Barcelona,23,0,23
2007-09-26,2007-08,La Liga,League Matchday,FC Barcelona,Real Zaragoza,Home,Camp Nou,Barcelona,Spain,2,0,FC Barcelona,25,0,25
2007-09-29,2007-08,La Liga,League Matchday,FC Barcelona,Levante UD,Away,Ciutat de Valencia,Valencia,Spain,1,0,FC Barcelona,26,0,26
2007-10-07,2007-08,La Liga,League Matchday,FC Barcelona,Atletico Madrid,Home,Camp Nou,Barcelona,Spain,1,0,FC Barcelona,27,0,27
2007-10-28,2007-08,La Liga,League Matchday,FC Barcelona,UD Almeria,Home,Camp Nou,Barcelona,Spain,1,0,FC Barcelona,28,0,28
2007-11-24,2007-08,La Liga,League Matchday,FC Barcelona,Recreativo Huelva,Home,Camp Nou,Barcelona,Spain,1,0,FC Barcelona,29,0,29
2008-02-24,2007-08,La Liga,League Matchday,FC Barcelona,Levante UD,Home,Camp Nou,Barcelona,Spain,1,0,FC Barcelona,30,0,30
2008-05-04,2007-08,La Liga,League Matchday,FC Barcelona,Valencia,Home,Camp Nou,Barcelona,Spain,1,0,FC Barcelona,31,0,31
2008-09-13,2008-09,La Liga,League Matchday,FC Barcelona,Racing Santander,Home,Camp Nou,Barcelona,Spain,1,0,FC Barcelona,32,0,32
2008-09-21,2008-09,La Liga,League Matchday,FC Barcelona,Sporting Gijon,Away,El Molinon,Gijon,Spain,2,1,FC Barcelona,34,1,35
2008-09-24,2008-09,La Liga,League Matchday,FC Barcelona,Real Betis,Home,Camp Nou,Barcelona,Spain,0,2,FC Barcelona,34,3,37
2008-09-27,2008-09,La Liga,League Matchday,FC Barcelona,RCD Espanyol,Away,RCDE Stadium,Barcelona,Spain,1,0,FC Barcelona,35,3,38
2008-10-04,2008-09,La Liga,League Matchday,FC Barcelona,Atletico Madrid,Home,Camp Nou,Barcelona,Spain,1,0,FC Barcelona,36,3,39
2008-10-25,2008-09,La Liga,League Matchday,FC Barcelona,UD Almeria,Home,Camp Nou,Barcelona,Spain,0,1,FC Barcelona,36,4,40
2008-11-01,2008-09,La Liga,League Matchday,FC Barcelona,Malaga CF,Away,La Rosaleda,Malaga,Spain,1,0,FC Barcelona,37,4,41
2008-11-08,2008-09,La Liga,League Matchday,FC Barcelona,Real Valladolid,Home,Camp Nou,Barcelona,Spain,0,1,FC Barcelona,37,5,42
2008-11-16,2008-09,La Liga,League Matchday,FC Barcelona,Recreativo Huelva,Away,Nuevo Colombino,Huelva,Spain,1,0,FC Barcelona,38,5,43
2008-11-29,2008-09,La Liga,League Matchday,FC Barcelona,Sevilla,Away,Ramon Sanchez Pizjuan,Seville,Spain,2,0,FC Barcelona,40,5,45
2008-12-13,2008-09,La Liga,League Matchday,FC Barcelona,Real Madrid,Home,Camp Nou,Barcelona,Spain,1,0,FC Barcelona,41,5,46
2009-01-11,2008-09,La Liga,League Matchday,FC Barcelona,CA Osasuna,Away,El Sadar,Pamplona,Spain,1,1,FC Barcelona,42,6,48
2009-01-17,2008-09,La Liga,League Matchday,FC Barcelona,Deportivo La Coruna,Home,Camp Nou,Barcelona,Spain,1,0,FC Barcelona,43,6,49
2009-01-24,2008-09,La Liga,League Matchday,FC Barcelona,CD Numancia,Home,Camp Nou,Barcelona,Spain,2,1,FC Barcelona,45,7,52
2009-02-01,2008-09,La Liga,League Matchday,FC Barcelona,Racing Santander,Away,El Sardinero,Santander,Spain,2,0,FC Barcelona,47,7,54
2009-02-08,2008-09,La Liga,League Matchday,FC Barcelona,Sporting Gijon,Home,Camp Nou,Barcelona,Spain,0,1,FC Barcelona,47,8,55
2009-03-01,2008-09,La Liga,League Matchday,FC Barcelona,Atletico Madrid,Away,Wanda Metropolitano,Madrid,Spain,1,0,FC Barcelona,48,8,56
2009-03-07,2008-09,La Liga,League Matchday,FC Barcelona,Athletic Bilbao,Home,Camp Nou,Barcelona,Spain,1,0,FC Barcelona,49,8,57
2009-03-15,2008-09,La Liga,League Matchday,FC Barcelona,UD Almeria,Away,Estadio de los Juegos Mediterraneos,Almeria,Spain,0,1,FC Barcelona,49,9,58
2009-03-22,2008-09,La Liga,League Matchday,FC Barcelona,Malaga CF,Home,Camp Nou,Barcelona,Spain,1,0,FC Barcelona,50,9,59
2009-04-18,2008-09,La Liga,League Matchday,FC Barcelona,Getafe CF,Away,Coliseum Alfonso Perez,Getafe,Spain,1,0,FC Barcelona,51,9,60
2009-04-25,2008-09,La Liga,League Matchday,FC Barcelona,Valencia,Away,Mestalla,Valencia,Spain,1,0,FC Barcelona,52,9,61
2009-05-02,2008-09,La Liga,League Matchday,FC Barcelona,Real Madrid,Away,Santiago Bernabeu,Madrid,Spain,2,1,FC Barcelona,54,10,64
2009-09-12,2009-10,La Liga,League Matchday,FC Barcelona,Getafe CF,Away,Coliseum Alfonso Perez,Getafe,Spain,1,0,FC Barcelona,55,10,65
2009-09-19,2009-10,La Liga,League Matchday,FC Barcelona,Atletico Madrid,Home,Camp Nou,Barcelona,Spain,2,1,FC Barcelona,57,11,68
2009-09-22,2009-10,La Liga,League Matchday,FC Barcelona,Racing Santander,Away,El Sardinero,Santander,Spain,2,1,FC Barcelona,59,12,71
2009-09-26,2009-10,La Liga,League Matchday,FC Barcelona,Malaga CF,Away,La Rosaleda,Malaga,Spain,0,1,FC Barcelona,59,13,72
2009-10-25,2009-10,La Liga,League Matchday,FC Barcelona,Real Zaragoza,Home,Camp Nou,Barcelona,Spain,1,1,FC Barcelona,60,14,74
2009-11-07,2009-10,La Liga,League Matchday,FC Barcelona,Mallorca,Home,Camp Nou,Barcelona,Spain,1,0,FC Barcelona,61,14,75
2009-12-02,2009-10,La Liga,League Matchday,FC Barcelona,Xerez CD,Away,Estadio Municipal de Chapin,Jerez,Spain,0,1,FC Barcelona,61,15,76
2009-12-05,2009-10,La Liga,League Matchday,FC Barcelona,Deportivo La Coruna,Away,Riazor,A Coruna,Spain,2,0,FC Barcelona,63,15,78
2010-01-10,2009-10,La Liga,League Matchday,FC Barcelona,CD Tenerife,Away,Heliodoro Rodriguez Lopez,Santa Cruz de Tenerife,Spain,3,1,FC Barcelona,66,16,82
2010-01-16,2009-10,La Liga,League Matchday,FC Barcelona,Sevilla,Home,Camp Nou,Barcelona,Spain,2,0,FC Barcelona,68,16,84
2010-01-23,2009-10,La Liga,League Matchday,FC Barcelona,Real Valladolid,Away,Jose Zorrilla,Valladolid,Spain,1,1,FC Barcelona,69,17,86
2010-02-06,2009-10,La Liga,League Matchday,FC Barcelona,Getafe CF,Home,Camp Nou,Barcelona,Spain,1,1,FC Barcelona,70,18,88
2010-02-20,2009-10,La Liga,League Matchday,FC Barcelona,Racing Santander,Home,Camp Nou,Barcelona,Spain,0,1,FC Barcelona,70,19,89
2010-02-27,2009-10,La Liga,League Matchday,FC Barcelona,Malaga CF,Home,Camp Nou,Barcelona,Spain,1,0,FC Barcelona,71,19,90
2010-03-06,2009-10,La Liga,League Matchday,FC Barcelona,UD Almeria,Away,Estadio de los Juegos Mediterraneos,Almeria,Spain,2,0,FC Barcelona,73,19,92
2010-03-14,2009-10,La Liga,League Matchday,FC Barcelona,Valencia,Home,Camp Nou,Barcelona,Spain,3,0,FC Barcelona,76,19,95
2010-03-21,2009-10,La Liga,League Matchday,FC Barcelona,Real Zaragoza,Away,La Romareda,Zaragoza,Spain,3,0,FC Barcelona,79,19,98
2010-04-03,2009-10,La Liga,League Matchday,FC Barcelona,Athletic Bilbao,Home,Camp Nou,Barcelona,Spain,1,0,FC Barcelona,80,19,99
2010-04-10,2009-10,La Liga,League Matchday,FC Barcelona,Real Madrid,Away,Santiago Bernabeu,Madrid,Spain,1,0,FC Barcelona,81,19,100
2010-05-01,2009-10,La Liga,League Matchday,FC Barcelona,Villarreal,Away,Estadio de la Ceramica,Villarreal,Spain,2,0,FC Barcelona,83,19,102
2010-05-04,2009-10,La Liga,League Matchday,FC Barcelona,CD Tenerife,Home,Camp Nou,Barcelona,Spain,2,1,FC Barcelona,85,20,105
2010-05-08,2009-10,La Liga,League Matchday,FC Barcelona,Sevilla,Away,Ramon Sanchez Pizjuan,Seville,Spain,1,1,FC Barcelona,86,21,107
2010-05-16,2009-10,La Liga,League Matchday,FC Barcelona,Real Valladolid,Home,Camp Nou,Barcelona,Spain,2,1,FC Barcelona,88,22,110
2010-08-29,2010-11,La Liga,League Matchday,FC Barcelona,Racing Santander,Away,El Sardinero,Santander,Spain,1,0,FC Barcelona,89,22,111
2010-09-19,2010-11,La Liga,League Matchday,FC Barcelona,Atletico Madrid,Away,Wanda Metropolitano,Madrid,Spain,1,1,FC Barcelona,90,23,113
2010-10-03,2010-11,La Liga,League Matchday,FC Barcelona,Mallorca,Home,Camp Nou,Barcelona,Spain,1,0,FC Barcelona,91,23,114
2010-10-23,2010-11,La Liga,League Matchday,FC Barcelona,Real Zaragoza,Away,La Romareda,Zaragoza,Spain,2,0,FC Barcelona,93,23,116
2010-10-30,2010-11,La Liga,League Matchday,FC Barcelona,Sevilla,Home,Camp Nou,Barcelona,Spain,2,1,FC Barcelona,95,24,119
2010-11-07,2010-11,La Liga,League Matchday,FC Barcelona,Getafe CF,Away,Coliseum Alfonso Perez,Getafe,Spain,1,2,FC Barcelona,96,26,122
2010-11-13,2010-11,La Liga,League Matchday,FC Barcelona,Villarreal,Home,Camp Nou,Barcelona,Spain,2,0,FC Barcelona,98,26,124
2010-11-20,2010-11,La Liga,League Matchday,FC Barcelona,UD Almeria,Away,Estadio de los Juegos Mediterraneos,Almeria,Spain,3,2,FC Barcelona,101,28,129
2010-11-29,2010-11,La Liga,League Matchday,FC Barcelona,Real Madrid,Home,Camp Nou,Barcelona,Spain,0,2,FC Barcelona,101,30,131
2010-12-04,2010-11,La Liga,League Matchday,FC Barcelona,CA Osasuna,Away,El Sadar,Pamplona,Spain,2,1,FC Barcelona,103,31,134
2010-12-12,2010-11,La Liga,League Matchday,FC Barcelona,Real Sociedad,Home,Camp Nou,Barcelona,Spain,2,0,FC Barcelona,105,31,136
2010-12-18,2010-11,La Liga,League Matchday,FC Barcelona,RCD Espanyol,Away,RCDE Stadium,Barcelona,Spain,0,3,FC Barcelona,105,34,139
2011-01-08,2010-11,La Liga,League Matchday,FC Barcelona,Deportivo La Coruna,Away,Riazor,A Coruna,Spain,1,2,FC Barcelona,106,36,142
2011-01-16,2010-11,La Liga,League Matchday,FC Barcelona,Malaga CF,Home,Camp Nou,Barcelona,Spain,0,1,FC Barcelona,106,37,143
2011-01-22,2010-11,La Liga,League Matchday,FC Barcelona,Racing Santander,Home,Camp Nou,Barcelona,Spain,1,1,FC Barcelona,107,38,145
2011-01-29,2010-11,La Liga,League Matchday,FC Barcelona,Hercules CF,Away,Estadio Rico Perez,Alicante,Spain,2,0,FC Barcelona,109,38,147
2011-02-05,2010-11,La Liga,League Matchday,FC Barcelona,Atletico Madrid,Home,Camp Nou,Barcelona,Spain,3,0,FC Barcelona,112,38,150
2011-02-12,2010-11,La Liga,League Matchday,FC Barcelona,Sporting Gijon,Away,El Molinon,Gijon,Spain,0,1,FC Barcelona,112,39,151
2011-02-20,2010-11,La Liga,League Matchday,FC Barcelona,Athletic Bilbao,Home,Camp Nou,Barcelona,Spain,1,0,FC Barcelona,113,39,152
2011-02-26,2010-11,La Liga,League Matchday,FC Barcelona,Mallorca,Away,Son Moix,Palma,Spain,1,0,FC Barcelona,114,39,153
2011-03-02,2010-11,La Liga,League Matchday,FC Barcelona,Valencia,Away,Mestalla,Valencia,Spain,1,0,FC Barcelona,115,39,154
2011-03-05,2010-11,La Liga,League Matchday,FC Barcelona,Real Zaragoza,Home,Camp Nou,Barcelona,Spain,0,1,FC Barcelona,115,40,155
2011-03-19,2010-11,La Liga,League Matchday,FC Barcelona,Getafe CF,Home,Camp Nou,Barcelona,Spain,0,1,FC Barcelona,115,41,156
2011-04-09,2010-11,La Liga,League Matchday,FC Barcelona,UD Almeria,Home,Camp Nou,Barcelona,Spain,2,1,FC Barcelona,117,42,159
2011-04-16,2010-11,La Liga,League Matchday,FC Barcelona,Real Madrid,Away,Santiago Bernabeu,Madrid,Spain,1,0,FC Barcelona,118,42,160
2011-04-23,2010-11,La Liga,League Matchday,FC Barcelona,CA Osasuna,Home,Camp Nou,Barcelona,Spain,1,0,FC Barcelona,119,42,161
2011-04-30,2010-11,La Liga,League Matchday,FC Barcelona,Real Sociedad,Away,Anoeta,San Sebastian,Spain,0,1,FC Barcelona,119,43,162
2011-08-29,2011-12,La Liga,League Matchday,FC Barcelona,Villarreal,Home,Camp Nou,Barcelona,Spain,2,1,FC Barcelona,121,44,165
2011-09-17,2011-12,La Liga,League Matchday,FC Barcelona,CA Osasuna,Home,Camp Nou,Barcelona,Spain,3,2,FC Barcelona,124,46,170
2011-09-21,2011-12,La Liga,League Matchday,FC Barcelona,Valencia,Away,Mestalla,Valencia,Spain,0,2,FC Barcelona,124,48,172
2011-09-24,2011-12,La Liga,League Matchday,FC Barcelona,Atletico Madrid,Home,Camp Nou,Barcelona,Spain,3,0,FC Barcelona,127,48,175
2011-10-15,2011-12,La Liga,League Matchday,FC Barcelona,Racing Santander,Home,Camp Nou,Barcelona,Spain,2,0,FC Barcelona,129,48,177
2011-10-29,2011-12,La Liga,League Matchday,FC Barcelona,Mallorca,Home,Camp Nou,Barcelona,Spain,3,1,FC Barcelona,132,49,181
2011-11-06,2011-12,La Liga,League Matchday,FC Barcelona,Athletic Bilbao,Away,San Mames,Bilbao,Spain,1,0,FC Barcelona,133,49,182
2011-11-19,2011-12,La Liga,League Matchday,FC Barcelona,Real Zaragoza,Home,Camp Nou,Barcelona,Spain,1,0,FC Barcelona,134,49,183
2011-11-29,2011-12,La Liga,League Matchday,FC Barcelona,Rayo Vallecano,Home,Camp Nou,Barcelona,Spain,1,0,FC Barcelona,135,49,184
2011-12-03,2011-12,La Liga,League Matchday,FC Barcelona,Levante UD,Home,Camp Nou,Barcelona,Spain,1,1,FC Barcelona,136,50,186
2011-12-10,2011-12,La Liga,League Matchday,FC Barcelona,Real Madrid,Away,Santiago Bernabeu,Madrid,Spain,0,1,FC Barcelona,136,51,187
2012-01-15,2011-12,La Liga,League Matchday,FC Barcelona,Real Betis,Home,Camp Nou,Barcelona,Spain,2,0,FC Barcelona,138,51,189
2012-01-22,2011-12,La Liga,League Matchday,FC Barcelona,Malaga CF,Away,La Rosaleda,Malaga,Spain,3,0,FC Barcelona,141,51,192
2012-02-04,2011-12,La Liga,League Matchday,FC Barcelona,Real Sociedad,Home,Camp Nou,Barcelona,Spain,1,1,FC Barcelona,142,52,194
2012-02-19,2011-12,La Liga,League Matchday,FC Barcelona,Valencia,Home,Camp Nou,Barcelona,Spain,4,0,FC Barcelona,146,52,198
2012-02-26,2011-12,La Liga,League Matchday,FC Barcelona,Atletico Madrid,Away,Wanda Metropolitano,Madrid,Spain,1,0,FC Barcelona,147,52,199
2012-03-11,2011-12,La Liga,League Matchday,FC Barcelona,Racing Santander,Away,El Sardinero,Santander,Spain,2,0,FC Barcelona,149,52,201
2012-03-17,2011-12,La Liga,League Matchday,FC Barcelona,Sevilla,Away,Ramon Sanchez Pizjuan,Seville,Spain,1,0,FC Barcelona,150,52,202
2012-03-20,2011-12,La Liga,League Matchday,FC Barcelona,Granada CF,Home,Camp Nou,Barcelona,Spain,3,1,FC Barcelona,153,53,206
2012-03-24,2011-12,La Liga,League Matchday,FC Barcelona,Mallorca,Away,Son Moix,Palma,Spain,1,1,FC Barcelona,154,54,208
2012-03-31,2011-12,La Liga,League Matchday,FC Barcelona,Athletic Bilbao,Home,Camp Nou,Barcelona,Spain,1,1,FC Barcelona,155,55,210
2012-04-07,2011-12,La Liga,League Matchday,FC Barcelona,Real Zaragoza,Away,La Romareda,Zaragoza,Spain,2,1,FC Barcelona,157,56,213
2012-04-10,2011-12,La Liga,League Matchday,FC Barcelona,Getafe CF,Home,Camp Nou,Barcelona,Spain,1,2,FC Barcelona,158,58,216
2012-04-14,2011-12,La Liga,League Matchday,FC Barcelona,Levante UD,Away,Ciutat de Valencia,Valencia,Spain,2,0,FC Barcelona,160,58,218
2012-04-29,2011-12,La Liga,League Matchday,FC Barcelona,Rayo Vallecano,Away,Campo de Vallecas,Madrid,Spain,2,3,FC Barcelona,162,61,223
2012-05-02,2011-12,La Liga,League Matchday,FC Barcelona,Malaga CF,Home,Camp Nou,Barcelona,Spain,3,0,FC Barcelona,165,61,226
2012-05-05,2011-12,La Liga,League Matchday,FC Barcelona,RCD Espanyol,Home,Camp Nou,Barcelona,Spain,4,0,FC Barcelona,169,61,230
2012-08-19,2012-13,La Liga,League Matchday,FC Barcelona,Real Sociedad,Home,Camp Nou,Barcelona,Spain,2,0,FC Barcelona,171,61,232
2012-08-26,2012-13,La Liga,League Matchday,FC Barcelona,CA Osasuna,Away,El Sadar,Pamplona,Spain,2,0,FC Barcelona,173,61,234
2012-09-02,2012-13,La Liga,League Matchday,FC Barcelona,Valencia,Home,Camp Nou,Barcelona,Spain,0,1,FC Barcelona,173,62,235
2012-09-15,2012-13,La Liga,League Matchday,FC Barcelona,Getafe CF,Away,Coliseum Alfonso Perez,Getafe,Spain,2,0,FC Barcelona,175,62,237
2012-09-29,2012-13,La Liga,League Matchday,FC Barcelona,Sevilla,Away,Ramon Sanchez Pizjuan,Seville,Spain,0,2,FC Barcelona,175,64,239
2012-10-07,2012-13,La Liga,League Matchday,FC Barcelona,Real Madrid,Home,Camp Nou,Barcelona,Spain,2,0,FC Barcelona,177,64,241
2012-10-20,2012-13,La Liga,League Matchday,FC Barcelona,Deportivo La Coruna,Away,Riazor,A Coruna,Spain,3,1,FC Barcelona,180,65,245
2012-10-27,2012-13,La Liga,League Matchday,FC Barcelona,Rayo Vallecano,Away,Campo de Vallecas,Madrid,Spain,2,0,FC Barcelona,182,65,247
2012-11-11,2012-13,La Liga,League Matchday,FC Barcelona,Mallorca,Away,Son Moix,Palma,Spain,2,0,FC Barcelona,184,65,249
2012-11-17,2012-13,La Liga,League Matchday,FC Barcelona,Real Zaragoza,Home,Camp Nou,Barcelona,Spain,2,1,FC Barcelona,186,66,252
2012-11-25,2012-13,La Liga,League Matchday,FC Barcelona,Levante UD,Away,Ciutat de Valencia,Valencia,Spain,2,0,FC Barcelona,188,66,254
2012-12-01,2012-13,La Liga,League Matchday,FC Barcelona,Athletic Bilbao,Home,Camp Nou,Barcelona,Spain,2,0,FC Barcelona,190,66,256
2012-12-09,2012-13,La Liga,League Matchday,FC Barcelona,Real Betis,Away,Benito Villamarin,Seville,Spain,2,0,FC Barcelona,192,66,258
2012-12-16,2012-13,La Liga,League Matchday,FC Barcelona,Atletico Madrid,Home,Camp Nou,Barcelona,Spain,2,0,FC Barcelona,194,66,260
2012-12-22,2012-13,La Liga,League Matchday,FC Barcelona,Real Valladolid,Away,Jose Zorrilla,Valladolid,Spain,1,0,FC Barcelona,195,66,261
2013-01-06,2012-13,La Liga,League Matchday,FC Barcelona,RCD Espanyol,Home,Camp Nou,Barcelona,Spain,1,1,FC Barcelona,196,67,263
2013-01-13,2012-13,La Liga,League Matchday,FC Barcelona,Malaga CF,Away,La Rosaleda,Malaga,Spain,1,2,FC Barcelona,197,69,266
2013-01-19,2012-13,La Liga,League Matchday,FC Barcelona,Real Sociedad,Away,Anoeta,San Sebastian,Spain,1,0,FC Barcelona,198,69,267
2013-01-27,2012-13,La Liga,League Matchday,FC Barcelona,CA Osasuna,Home,Camp Nou,Barcelona,Spain,4,0,FC Barcelona,202,69,271
2013-02-03,2012-13,La Liga,League Matchday,FC Barcelona,Valencia,Away,Mestalla,Valencia,Spain,1,0,FC Barcelona,203,69,272
2013-02-10,2012-13,La Liga,League Matchday,FC Barcelona,Getafe CF,Home,Camp Nou,Barcelona,Spain,1,1,FC Barcelona,204,70,274
2013-02-16,2012-13,La Liga,League Matchday,FC Barcelona,Granada CF,Away,Nuevo Los Carmenes,Granada,Spain,2,0,FC Barcelona,206,70,276
2013-02-23,2012-13,La Liga,League Matchday,FC Barcelona,Sevilla,Home,Camp Nou,Barcelona,Spain,1,0,FC Barcelona,207,70,277
2013-03-02,2012-13,La Liga,League Matchday,FC Barcelona,Real Madrid,Away,Santiago Bernabeu,Madrid,Spain,1,0,FC Barcelona,208,70,278
2013-03-09,2012-13,La Liga,League Matchday,FC Barcelona,Deportivo La Coruna,Home,Camp Nou,Barcelona,Spain,1,0,FC Barcelona,209,70,279
2013-03-17,2012-13,La Liga,League Matchday,FC Barcelona,Rayo Vallecano,Home,Camp Nou,Barcelona,Spain,2,1,FC Barcelona,211,71,282
2013-03-30,2012-13,La Liga,League Matchday,FC Barcelona,Celta de Vigo,Away,Balaidos,Vigo,Spain,1,1,FC Barcelona,212,72,284
2013-04-27,2012-13,La Liga,League Matchday,FC Barcelona,Athletic Bilbao,Away,San Mames,Bilbao,Spain,1,1,FC Barcelona,213,73,286
2013-05-05,2012-13,La Liga,League Matchday,FC Barcelona,Real Betis,Home,Camp Nou,Barcelona,Spain,2,0,FC Barcelona,215,73,288
2013-08-18,2013-14,La Liga,League Matchday,FC Barcelona,Levante UD,Home,Camp Nou,Barcelona,Spain,2,1,FC Barcelona,217,74,291
2013-09-01,2013-14,La Liga,League Matchday,FC Barcelona,Valencia,Away,Mestalla,Valencia,Spain,3,0,FC Barcelona,220,74,294
2013-09-14,2013-14,La Liga,League Matchday,FC Barcelona,Sevilla,Home,Camp Nou,Barcelona,Spain,1,0,FC Barcelona,221,74,295
2013-09-21,2013-14,La Liga,League Matchday,FC Barcelona,Rayo Vallecano,Away,Campo de Vallecas,Madrid,Spain,0,1,FC Barcelona,221,75,296
2013-09-24,2013-14,La Liga,League Matchday,FC Barcelona,Real Sociedad,Home,Camp Nou,Barcelona,Spain,1,1,FC Barcelona,222,76,298
2013-09-28,2013-14,La Liga,League Matchday,FC Barcelona,UD Almeria,Away,Estadio de los Juegos Mediterraneos,Almeria,Spain,1,0,FC Barcelona,223,76,299
2013-11-01,2013-14,La Liga,League Matchday,FC Barcelona,Celta de Vigo,Away,Balaidos,Vigo,Spain,0,1,FC Barcelona,223,77,300
2014-01-26,2013-14,La Liga,League Matchday,FC Barcelona,Malaga CF,Home,Camp Nou,Barcelona,Spain,0,1,FC Barcelona,223,78,301
2014-02-01,2013-14,La Liga,League Matchday,FC Barcelona,Valencia,Home,Camp Nou,Barcelona,Spain,1,1,FC Barcelona,224,79,303
2014-02-09,2013-14,La Liga,League Matchday,FC Barcelona,Sevilla,Away,Ramon Sanchez Pizjuan,Seville,Spain,2,1,FC Barcelona,226,80,306
2014-02-15,2013-14,La Liga,League Matchday,FC Barcelona,Rayo Vallecano,Home,Camp Nou,Barcelona,Spain,2,1,FC Barcelona,228,81,309
2014-02-22,2013-14,La Liga,League Matchday,FC Barcelona,Real Sociedad,Away,Anoeta,San Sebastian,Spain,1,0,FC Barcelona,229,81,310
2014-03-02,2013-14,La Liga,League Matchday,FC Barcelona,UD Almeria,Home,Camp Nou,Barcelona,Spain,1,0,FC Barcelona,230,81,311
2014-03-16,2013-14,La Liga,League Matchday,FC Barcelona,CA Osasuna,Home,Camp Nou,Barcelona,Spain,3,1,FC Barcelona,233,82,315
2014-03-23,2013-14,La Liga,League Matchday,FC Barcelona,Real Madrid,Away,Santiago Bernabeu,Madrid,Spain,3,1,FC Barcelona,236,83,319
2014-03-26,2013-14,La Liga,League Matchday,FC Barcelona,Celta de Vigo,Home,Camp Nou,Barcelona,Spain,1,0,FC Barcelona,237,83,320
2014-03-29,2013-14,La Liga,League Matchday,FC Barcelona,RCD Espanyol,Away,RCDE Stadium,Barcelona,Spain,1,0,FC Barcelona,238,83,321
2014-04-05,2013-14,La Liga,League Matchday,FC Barcelona,Real Betis,Home,Camp Nou,Barcelona,Spain,2,0,FC Barcelona,240,83,323
2014-04-20,2013-14,La Liga,League Matchday,FC Barcelona,Athletic Bilbao,Home,Camp Nou,Barcelona,Spain,1,0,FC Barcelona,241,83,324
2014-04-27,2013-14,La Liga,League Matchday,FC Barcelona,Villarreal,Away,Estadio de la Ceramica,Villarreal,Spain,1,0,FC Barcelona,242,83,325
2014-05-03,2013-14,La Liga,League Matchday,FC Barcelona,Getafe CF,Home,Camp Nou,Barcelona,Spain,1,0,FC Barcelona,243,83,326
2014-05-17,2013-14,La Liga,League Matchday,FC Barcelona,Atletico Madrid,Home,Camp Nou,Barcelona,Spain,0,1,FC Barcelona,243,84,327
2014-08-24,2014-15,La Liga,League Matchday,FC Barcelona,Elche CF,Home,Camp Nou,Barcelona,Spain,2,0,FC Barcelona,245,84,329
2014-09-13,2014-15,La Liga,League Matchday,FC Barcelona,Athletic Bilbao,Home,Camp Nou,Barcelona,Spain,0,2,FC Barcelona,245,86,331
2014-09-21,2014-15,La Liga,League Matchday,FC Barcelona,Levante UD,Away,Ciutat de Valencia,Valencia,Spain,1,2,FC Barcelona,246,88,334
2014-09-27,2014-15,La Liga,League Matchday,FC Barcelona,Granada CF,Home,Camp Nou,Barcelona,Spain,2,2,FC Barcelona,248,90,338
2014-10-04,2014-15,La Liga,League Matchday,FC Barcelona,Rayo Vallecano,Away,Campo de Vallecas,Madrid,Spain,1,0,FC Barcelona,249,90,339
2014-10-18,2014-15,La Liga,League Matchday,FC Barcelona,SD Eibar,Home,Camp Nou,Barcelona,Spain,1,1,FC Barcelona,250,91,341
2014-11-22,2014-15,La Liga,League Matchday,FC Barcelona,Sevilla,Home,Camp Nou,Barcelona,Spain,3,0,FC Barcelona,253,91,344
2014-12-07,2014-15,La Liga,League Matchday,FC Barcelona,RCD Espanyol,Home,Camp Nou,Barcelona,Spain,3,0,FC Barcelona,256,91,347
2014-12-20,2014-15,La Liga,League Matchday,FC Barcelona,Cordoba CF,Home,Camp Nou,Barcelona,Spain,2,0,FC Barcelona,258,91,349
2015-01-11,2014-15,La Liga,League Matchday,FC Barcelona,Atletico Madrid,Home,Camp Nou,Barcelona,Spain,1,1,FC Barcelona,259,92,351
2015-01-18,2014-15,La Liga,League Matchday,FC Barcelona,Deportivo La Coruna,Away,Riazor,A Coruna,Spain,3,0,FC Barcelona,262,92,354
2015-01-24,2014-15,La Liga,League Matchday,FC Barcelona,Elche CF,Away,Martinez Valero,Elche,Spain,2,2,FC Barcelona,264,94,358
2015-02-01,2014-15,La Liga,League Matchday,FC Barcelona,Villarreal,Home,Camp Nou,Barcelona,Spain,1,0,FC Barcelona,265,94,359
2015-02-08,2014-15,La Liga,League Matchday,FC Barcelona,Athletic Bilbao,Away,San Mames,Bilbao,Spain,1,2,FC Barcelona,266,96,362
2015-02-15,2014-15,La Liga,League Matchday,FC Barcelona,Levante UD,Home,Camp Nou,Barcelona,Spain,3,1,FC Barcelona,269,97,366
2015-02-28,2014-15,La Liga,League Matchday,FC Barcelona,Granada CF,Away,Nuevo Los Carmenes,Granada,Spain,1,0,FC Barcelona,270,97,367
2015-03-08,2014-15,La Liga,League Matchday,FC Barcelona,Rayo Vallecano,Home,Camp Nou,Barcelona,Spain,3,1,FC Barcelona,273,98,371
2015-03-14,2014-15,La Liga,League Matchday,FC Barcelona,SD Eibar,Away,Ipurua,Eibar,Spain,2,0,FC Barcelona,275,98,373
2015-03-22,2014-15,La Liga,League Matchday,FC Barcelona,Real Madrid,Home,Camp Nou,Barcelona,Spain,0,1,FC Barcelona,275,99,374
2015-04-08,2014-15,La Liga,League Matchday,FC Barcelona,UD Almeria,Home,Camp Nou,Barcelona,Spain,1,0,FC Barcelona,276,99,375
2015-04-11,2014-15,La Liga,League Matchday,FC Barcelona,Sevilla,Away,Ramon Sanchez Pizjuan,Seville,Spain,1,0,FC Barcelona,277,99,376
2015-04-18,2014-15,La Liga,League Matchday,FC Barcelona,Valencia,Home,Camp Nou,Barcelona,Spain,1,1,FC Barcelona,278,100,378
2015-04-25,2014-15,La Liga,League Matchday,FC Barcelona,RCD Espanyol,Away,RCDE Stadium,Barcelona,Spain,1,0,FC Barcelona,279,100,379
2015-04-28,2014-15,La Liga,League Matchday,FC Barcelona,Getafe CF,Home,Camp Nou,Barcelona,Spain,2,1,FC Barcelona,281,101,382
2015-05-02,2014-15,La Liga,League Matchday,FC Barcelona,Cordoba CF,Away,El Arcangel,Cordoba,Spain,2,1,FC Barcelona,283,102,385
2015-05-17,2014-15,La Liga,League Matchday,FC Barcelona,Atletico Madrid,Away,Wanda Metropolitano,Madrid,Spain,1,0,FC Barcelona,284,102,386
2015-05-23,2014-15,La Liga,League Matchday,FC Barcelona,Deportivo La Coruna,Home,Camp Nou,Barcelona,Spain,2,0,FC Barcelona,286,102,388
2015-09-12,2015-16,La Liga,League Matchday,FC Barcelona,Atletico Madrid,Away,Wanda Metropolitano,Madrid,Spain,1,0,FC Barcelona,287,102,389
2015-09-20,2015-16,La Liga,League Matchday,FC Barcelona,Levante UD,Home,Camp Nou,Barcelona,Spain,2,1,FC Barcelona,289,103,392
2015-09-23,2015-16,La Liga,League Matchday,FC Barcelona,Celta de Vigo,Away,Balaidos,Vigo,Spain,0,1,FC Barcelona,289,104,393
2015-11-28,2015-16,La Liga,League Matchday,FC Barcelona,Real Sociedad,Home,Camp Nou,Barcelona,Spain,1,0,FC Barcelona,290,104,394
2015-12-05,2015-16,La Liga,League Matchday,FC Barcelona,Valencia,Away,Mestalla,Valencia,Spain,0,1,FC Barcelona,290,105,395
2015-12-12,2015-16,La Liga,League Matchday,FC Barcelona,Deportivo La Coruna,Home,Camp Nou,Barcelona,Spain,1,1,FC Barcelona,291,106,397
2015-12-30,2015-16,La Liga,League Matchday,FC Barcelona,Real Betis,Home,Camp Nou,Barcelona,Spain,1,0,FC Barcelona,292,106,398
2016-01-09,2015-16,La Liga,League Matchday,FC Barcelona,Granada CF,Home,Camp Nou,Barcelona,Spain,3,0,FC Barcelona,295,106,401
2016-01-17,2015-16,La Liga,League Matchday,FC Barcelona,Athletic Bilbao,Home,Camp Nou,Barcelona,Spain,1,1,FC Barcelona,296,107,403
2016-01-23,2015-16,La Liga,League Matchday,FC Barcelona,Malaga CF,Away,La Rosaleda,Malaga,Spain,1,0,FC Barcelona,297,107,404
2016-01-30,2015-16,La Liga,League Matchday,FC Barcelona,Atletico Madrid,Home,Camp Nou,Barcelona,Spain,1,0,FC Barcelona,298,107,405
2016-02-07,2015-16,La Liga,League Matchday,FC Barcelona,Levante UD,Away,Ciutat de Valencia,Valencia,Spain,0,1,FC Barcelona,298,108,406
2016-02-14,2015-16,La Liga,League Matchday,FC Barcelona,Celta de Vigo,Home,Camp Nou,Barcelona,Spain,1,2,FC Barcelona,299,110,409
2016-02-17,2015-16,La Liga,League Matchday,FC Barcelona,Sporting Gijon,Away,El Molinon,Gijon,Spain,2,0,FC Barcelona,301,110,411
2016-03-03,2015-16,La Liga,League Matchday,FC Barcelona,Rayo Vallecano,Away,Campo de Vallecas,Madrid,Spain,3,0,FC Barcelona,304,110,414
2016-03-06,2015-16,La Liga,League Matchday,FC Barcelona,SD Eibar,Away,Ipurua,Eibar,Spain,2,1,FC Barcelona,306,111,417
2016-03-12,2015-16,La Liga,League Matchday,FC Barcelona,Getafe CF,Home,Camp Nou,Barcelona,Spain,1,3,FC Barcelona,307,114,421
2016-04-17,2015-16,La Liga,League Matchday,FC Barcelona,Valencia,Home,Camp Nou,Barcelona,Spain,1,0,FC Barcelona,308,114,422
2016-04-20,2015-16,La Liga,League Matchday,FC Barcelona,Deportivo La Coruna,Away,Riazor,A Coruna,Spain,1,2,FC Barcelona,309,116,425
2016-04-23,2015-16,La Liga,League Matchday,FC Barcelona,Sporting Gijon,Home,Camp Nou,Barcelona,Spain,1,1,FC Barcelona,310,117,427
2016-04-30,2015-16,La Liga,League Matchday,FC Barcelona,Real Betis,Away,Benito Villamarin,Seville,Spain,0,2,FC Barcelona,310,119,429
2016-05-08,2015-16,La Liga,League Matchday,FC Barcelona,RCD Espanyol,Home,Camp Nou,Barcelona,Spain,1,1,FC Barcelona,311,120,431
2016-08-20,2016-17,La Liga,League Matchday,FC Barcelona,Real Betis,Home,Camp Nou,Barcelona,Spain,2,1,FC Barcelona,313,121,434
2016-09-17,2016-17,La Liga,League Matchday,FC Barcelona,CD Leganes,Away,Butarque,Leganes,Spain,2,1,FC Barcelona,315,122,437
2016-10-15,2016-17,La Liga,League Matchday,FC Barcelona,Deportivo La Coruna,Home,Camp Nou,Barcelona,Spain,1,0,FC Barcelona,316,122,438
2016-10-22,2016-17,La Liga,League Matchday,FC Barcelona,Valencia,Away,Mestalla,Valencia,Spain,2,0,FC Barcelona,318,122,440
2016-11-06,2016-17,La Liga,League Matchday,FC Barcelona,Sevilla,Away,Ramon Sanchez Pizjuan,Seville,Spain,1,1,FC Barcelona,319,123,442
2016-11-27,2016-17,La Liga,League Matchday,FC Barcelona,Real Sociedad,Away,Anoeta,San Sebastian,Spain,1,0,FC Barcelona,320,123,443
2016-12-10,2016-17,La Liga,League Matchday,FC Barcelona,CA Osasuna,Away,El Sadar,Pamplona,Spain,2,0,FC Barcelona,322,123,445
2016-12-18,2016-17,La Liga,League Matchday,FC Barcelona,RCD Espanyol,Home,Camp Nou,Barcelona,Spain,1,0,FC Barcelona,323,123,446
2017-01-08,2016-17,La Liga,League Matchday,FC Barcelona,Villarreal,Away,Estadio de la Ceramica,Villarreal,Spain,1,0,FC Barcelona,324,123,447
2017-01-14,2016-17,La Liga,League Matchday,FC Barcelona,UD Las Palmas,Home,Camp Nou,Barcelona,Spain,1,0,FC Barcelona,325,123,448
2017-01-22,2016-17,La Liga,League Matchday,FC Barcelona,SD Eibar,Away,Ipurua,Eibar,Spain,1,0,FC Barcelona,326,123,449
2017-01-29,2016-17,La Liga,League Matchday,FC Barcelona,Real Betis,Away,Benito Villamarin,Seville,Spain,0,1,FC Barcelona,326,124,450
2017-02-04,2016-17,La Liga,League Matchday,FC Barcelona,Athletic Bilbao,Home,Camp Nou,Barcelona,Spain,1,0,FC Barcelona,327,124,451
2017-02-11,2016-17,La Liga,League Matchday,FC Barcelona,CD Alaves,Away,Mendizorroza,Vitoria-Gasteiz,Spain,1,0,FC Barcelona,328,124,452
2017-02-19,2016-17,La Liga,League Matchday,FC Barcelona,CD Leganes,Home,Camp Nou,Barcelona,Spain,2,0,FC Barcelona,330,124,454
2017-02-26,2016-17,La Liga,League Matchday,FC Barcelona,Atletico Madrid,Away,Wanda Metropolitano,Madrid,Spain,1,0,FC Barcelona,331,124,455
2017-03-01,2016-17,La Liga,League Matchday,FC Barcelona,Sporting Gijon,Home,Camp Nou,Barcelona,Spain,1,1,FC Barcelona,332,125,457
2017-03-04,2016-17,La Liga,League Matchday,FC Barcelona,Celta de Vigo,Home,Camp Nou,Barcelona,Spain,2,2,FC Barcelona,334,127,461
2017-03-19,2016-17,La Liga,League Matchday,FC Barcelona,Valencia,Home,Camp Nou,Barcelona,Spain,2,0,FC Barcelona,336,127,463
2017-04-05,2016-17,La Liga,League Matchday,FC Barcelona,Sevilla,Home,Camp Nou,Barcelona,Spain,2,0,FC Barcelona,338,127,465
2017-04-15,2016-17,La Liga,League Matchday,FC Barcelona,Real Sociedad,Home,Camp Nou,Barcelona,Spain,2,1,FC Barcelona,340,128,468
2017-04-23,2016-17,La Liga,League Matchday,FC Barcelona,Real Madrid,Away,Santiago Bernabeu,Madrid,Spain,2,0,FC Barcelona,342,128,470
2017-04-26,2016-17,La Liga,League Matchday,FC Barcelona,CA Osasuna,Home,Camp Nou,Barcelona,Spain,2,0,FC Barcelona,344,128,472
2017-04-29,2016-17,La Liga,League Matchday,FC Barcelona,RCD Espanyol,Away,RCDE Stadium,Barcelona,Spain,0,1,FC Barcelona,344,129,473
2017-05-06,2016-17,La Liga,League Matchday,FC Barcelona,Villarreal,Home,Camp Nou,Barcelona,Spain,2,1,FC Barcelona,346,130,476
2017-05-21,2016-17,La Liga,League Matchday,FC Barcelona,SD Eibar,Home,Camp Nou,Barcelona,Spain,2,1,FC Barcelona,348,131,479
2017-08-26,2017-18,La Liga,League Matchday,FC Barcelona,CD Alaves,Away,Mendizorroza,Vitoria-Gasteiz,Spain,2,0,FC Barcelona,350,131,481
2017-09-09,2017-18,La Liga,League Matchday,FC Barcelona,RCD Espanyol,Home,Camp Nou,Barcelona,Spain,3,0,FC Barcelona,353,131,484
2017-09-16,2017-18,La Liga,League Matchday,FC Barcelona,Getafe CF,Away,Coliseum Alfonso Perez,Getafe,Spain,0,1,FC Barcelona,353,132,485
2017-09-19,2017-18,La Liga,League Matchday,FC Barcelona,SD Eibar,Home,Camp Nou,Barcelona,Spain,4,1,FC Barcelona,357,133,490
2017-10-01,2017-18,La Liga,League Matchday,FC Barcelona,UD Las Palmas,Home,Camp Nou,Barcelona,Spain,2,1,FC Barcelona,359,134,493
2017-10-28,2017-18,La Liga,League Matchday,FC Barcelona,Athletic Bilbao,Away,San Mames,Bilbao,Spain,1,0,FC Barcelona,360,134,494
2017-11-26,2017-18,La Liga,League Matchday,FC Barcelona,Valencia,Away,Mestalla,Valencia,Spain,0,1,FC Barcelona,360,135,495
2017-12-02,2017-18,La Liga,League Matchday,FC Barcelona,Celta de Vigo,Home,Camp Nou,Barcelona,Spain,1,0,FC Barcelona,361,135,496
2017-12-10,2017-18,La Liga,League Matchday,FC Barcelona,Villarreal,Away,Estadio de la Ceramica,Villarreal,Spain,1,0,FC Barcelona,362,135,497
2017-12-17,2017-18,La Liga,League Matchday,FC Barcelona,Deportivo La Coruna,Home,Camp Nou,Barcelona,Spain,0,1,FC Barcelona,362,136,498
2017-12-23,2017-18,La Liga,League Matchday,FC Barcelona,Real Madrid,Away,Santiago Bernabeu,Madrid,Spain,1,1,FC Barcelona,363,137,500
2018-01-07,2017-18,La Liga,League Matchday,FC Barcelona,Levante UD,Home,Camp Nou,Barcelona,Spain,1,1,FC Barcelona,364,138,502
2018-01-14,2017-18,La Liga,League Matchday,FC Barcelona,Real Sociedad,Away,Anoeta,San Sebastian,Spain,1,1,FC Barcelona,365,139,504
2018-01-21,2017-18,La Liga,League Matchday,FC Barcelona,Real Betis,Away,Benito Villamarin,Seville,Spain,2,1,FC Barcelona,367,140,507
2018-01-28,2017-18,La Liga,League Matchday,FC Barcelona,CD Alaves,Home,Camp Nou,Barcelona,Spain,1,0,FC Barcelona,368,140,508
2018-02-04,2017-18,La Liga,League Matchday,FC Barcelona,RCD Espanyol,Away,RCDE Stadium,Barcelona,Spain,0,1,FC Barcelona,368,141,509
2018-02-17,2017-18,La Liga,League Matchday,FC Barcelona,SD Eibar,Away,Ipurua,Eibar,Spain,0,1,FC Barcelona,368,142,510
2018-02-24,2017-18,La Liga,League Matchday,FC Barcelona,Girona FC,Home,Camp Nou,Barcelona,Spain,2,1,FC Barcelona,370,143,513
2018-03-01,2017-18,La Liga,League Matchday,FC Barcelona,UD Las Palmas,Away,Estadio de Gran Canaria,Las Palmas,Spain,1,0,FC Barcelona,371,143,514
2018-03-04,2017-18,La Liga,League Matchday,FC Barcelona,Atletico Madrid,Home,Camp Nou,Barcelona,Spain,1,0,FC Barcelona,372,143,515
2018-03-18,2017-18,La Liga,League Matchday,FC Barcelona,Athletic Bilbao,Home,Camp Nou,Barcelona,Spain,1,0,FC Barcelona,373,143,516
2018-03-31,2017-18,La Liga,League Matchday,FC Barcelona,Sevilla,Away,Ramon Sanchez Pizjuan,Seville,Spain,1,0,FC Barcelona,374,143,517
2018-04-07,2017-18,La Liga,League Matchday,FC Barcelona,CD Leganes,Home,Camp Nou,Barcelona,Spain,3,0,FC Barcelona,377,143,520
2018-04-29,2017-18,La Liga,League Matchday,FC Barcelona,Deportivo La Coruna,Away,Riazor,A Coruna,Spain,3,0,FC Barcelona,380,143,523
2018-05-06,2017-18,La Liga,League Matchday,FC Barcelona,Real Madrid,Home,Camp Nou,Barcelona,Spain,1,0,FC Barcelona,381,143,524
2018-05-09,2017-18,La Liga,League Matchday,FC Barcelona,Villarreal,Home,Camp Nou,Barcelona,Spain,1,0,FC Barcelona,382,143,525
2018-10-20,2018-19,La Liga,League Matchday,FC Barcelona,Sevilla,Home,Camp Nou,Barcelona,Spain,1,1,FC Barcelona,383,144,527
2018-11-11,2018-19,La Liga,League Matchday,FC Barcelona,Real Betis,Home,Camp Nou,Barcelona,Spain,2,0,FC Barcelona,385,144,529
2018-11-24,2018-19,La Liga,League Matchday,FC Barcelona,Atletico Madrid,Away,Wanda Metropolitano,Madrid,Spain,0,1,FC Barcelona,385,145,530
2018-11-28,2018-19,UEFA Champions League,Group,FC Barcelona,PSV Eindhoven,Away,Philips Stadion,Eindhoven,Netherlands,1,1,FC Barcelona,386,146,532
2018-12-02,2018-19,La Liga,League Matchday,FC Barcelona,Villarreal,Home,Camp Nou,Barcelona,Spain,0,1,FC Barcelona,386,147,533
2018-12-08,2018-19,La Liga,League Matchday,FC Barcelona,Espanyol,Away,RCDE Stadium,Barcelona,Spain,2,1,FC Barcelona,388,148,536
2018-12-16,2018-19,La Liga,League Matchday,FC Barcelona,Levante,Away,Ciutat de Valencia,Valencia,Spain,3,2,FC Barcelona,391,150,541
2018-12-22,2018-19,La Liga,League Matchday,FC Barcelona,Celta Vigo,Home,Camp Nou,Barcelona,Spain,1,0,FC Barcelona,392,150,542
2019-01-06,2018-19,La Liga,League Matchday,FC Barcelona,Getafe,Away,Coliseum Alfonso Perez,Getafe,Spain,1,0,FC Barcelona,393,150,543
2019-01-13,2018-19,La Liga,League Matchday,FC Barcelona,Eibar,Home,Camp Nou,Barcelona,Spain,1,0,FC Barcelona,394,150,544
2019-01-17,2018-19,Copa del Rey,R162L,FC Barcelona,Levante,Home,Camp Nou,Barcelona,Spain,1,1,FC Barcelona,395,151,546
2019-01-20,2018-19,La Liga,League Matchday,FC Barcelona,Leganes,Home,Camp Nou,Barcelona,Spain,1,0,FC Barcelona,396,151,547
2019-01-27,2018-19,La Liga,League Matchday,FC Barcelona,Girona,Away,Montilivi,Girona,Spain,1,0,FC Barcelona,397,151,548
2019-01-30,2018-19,Copa del Rey,QF2L,FC Barcelona,Sevilla,Home,Camp Nou,Barcelona,Spain,1,1,FC Barcelona,398,152,550
2019-02-02,2018-19,La Liga,League Matchday,FC Barcelona,Valencia,Home,Camp Nou,Barcelona,Spain,2,0,FC Barcelona,400,152,552
2019-02-16,2018-19,La Liga,League Matchday,FC Barcelona,Real Valladolid,Home,Camp Nou,Barcelona,Spain,1,0,FC Barcelona,401,152,553
2019-02-23,2018-19,La Liga,League Matchday,FC Barcelona,Sevilla,Away,Ramon Sanchez Pizjuan,Seville,Spain,3,1,FC Barcelona,404,153,557
2019-03-09,2018-19,La Liga,League Matchday,FC Barcelona,Rayo Vallecano,Home,Camp Nou,Barcelona,Spain,1,1,FC Barcelona,405,154,559
2019-03-13,2018-19,UEFA Champions League,R162L,FC Barcelona,Lyon,Home,Camp Nou,Barcelona,Spain,2,2,FC Barcelona,407,156,563
2019-03-17,2018-19,La Liga,League Matchday,FC Barcelona,Real Betis,Away,Benito Villamarin,Seville,Spain,3,0,FC Barcelona,410,156,566
2019-03-30,2018-19,La Liga,League Matchday,FC Barcelona,Espanyol,Home,Camp Nou,Barcelona,Spain,2,0,FC Barcelona,412,156,568
2019-04-02,2018-19,La Liga,League Matchday,FC Barcelona,Villarreal,Away,Estadio de la Ceramica,Villarreal,Spain,1,0,FC Barcelona,413,156,569
2019-04-06,2018-19,La Liga,League Matchday,FC Barcelona,Atletico Madrid,Home,Camp Nou,Barcelona,Spain,1,0,FC Barcelona,414,156,570
2019-04-16,2018-19,UEFA Champions League,QF2L,FC Barcelona,Manchester United,Home,Camp Nou,Barcelona,Spain,2,0,FC Barcelona,416,156,572
2019-04-20,2018-19,La Liga,League Matchday,FC Barcelona,Real Sociedad,Home,Camp Nou,Barcelona,Spain,0,1,FC Barcelona,416,157,573
2019-04-27,2018-19,La Liga,League Matchday,FC Barcelona,Levante,Home,Camp Nou,Barcelona,Spain,1,0,FC Barcelona,417,157,574
2019-05-01,2018-19,UEFA Champions League,SF1L,FC Barcelona,Liverpool,Home,Camp Nou,Barcelona,Spain,2,0,FC Barcelona,419,157,576
2019-05-19,2018-19,La Liga,League Matchday,FC Barcelona,Eibar,Away,Ipurua,Eibar,Spain,2,0,FC Barcelona,421,157,578
2019-05-25,2018-19,Copa del Rey,Final,FC Barcelona,Valencia,Neutral,Estadio Benito Villamarin,Seville,Spain,1,0,FC Barcelona,422,157,579
2019-06-07,2019,International Friendly,N/A,Argentina,Nicaragua,Home,Estadio Monumental,Buenos Aires,Argentina,2,0,Argentina,424,157,581
2019-06-20,2019,Copa America,Group,Argentina,Paraguay,Neutral,Estadio Mineirao,Belo Horizonte,Brazil,1,0,Argentina,425,157,582
2019-07-06,2019,Copa America,3rd P/O,Argentina,Chile,Neutral,Arena Corinthians,Sao Paulo,Brazil,0,1,Argentina,425,158,583
2019-09-24,2019-20,La Liga,League Matchday,FC Barcelona,Villarreal,Home,Camp Nou,Barcelona,Spain,0,1,FC Barcelona,425,159,584
2019-10-02,2019-20,UEFA Champions League,Group,FC Barcelona,Inter Milan,Home,Camp Nou,Barcelona,Spain,0,1,FC Barcelona,425,160,585
2019-10-06,2019-20,La Liga,League Matchday,FC Barcelona,Sevilla,Home,Camp Nou,Barcelona,Spain,1,0,FC Barcelona,426,160,586
2019-10-19,2019-20,La Liga,League Matchday,FC Barcelona,Eibar,Away,Ipurua,Eibar,Spain,1,1,FC Barcelona,427,161,588
2019-10-23,2019-20,UEFA Champions League,Group,FC Barcelona,Slavia Prague,Away,Sinobo Stadium,Prague,Czech Republic,1,0,FC Barcelona,428,161,589
2019-10-29,2019-20,La Liga,League Matchday,FC Barcelona,Real Valladolid,Home,Camp Nou,Barcelona,Spain,2,2,FC Barcelona,430,163,593
2019-11-02,2019-20,La Liga,League Matchday,FC Barcelona,Levante,Away,Ciutat de Valencia,Valencia,Spain,1,0,FC Barcelona,431,163,594
2019-11-09,2019-20,La Liga,League Matchday,FC Barcelona,Celta Vigo,Home,Camp Nou,Barcelona,Spain,3,0,FC Barcelona,434,163,597
2019-11-15,2019,International Friendly,N/A,Argentina,Brazil,Neutral,King Saud University Stadium,Riyadh,Saudi Arabia,1,0,Argentina,435,163,598
2019-11-18,2019,International Friendly,N/A,Argentina,Uruguay,Neutral,Bloomfield Stadium,Tel Aviv,Israel,1,1,Argentina,436,164,600
2019-11-23,2019-20,La Liga,League Matchday,FC Barcelona,Leganes,Away,Butarque,Leganes,Spain,0,1,FC Barcelona,436,165,601
2019-11-27,2019-20,UEFA Champions League,Group,FC Barcelona,Borussia Dortmund,Home,Camp Nou,Barcelona,Spain,1,2,FC Barcelona,437,167,604
2019-12-01,2019-20,La Liga,League Matchday,FC Barcelona,Atletico Madrid,Away,Wanda Metropolitano,Madrid,Spain,1,0,FC Barcelona,438,167,605
2019-12-07,2019-20,La Liga,League Matchday,FC Barcelona,Mallorca,Home,Camp Nou,Barcelona,Spain,3,0,FC Barcelona,441,167,608
2019-12-14,2019-20,La Liga,League Matchday,FC Barcelona,Real Sociedad,Away,Reale Arena,San Sebastian,Spain,0,1,FC Barcelona,441,168,609
2019-12-21,2019-20,La Liga,League Matchday,FC Barcelona,Alaves,Home,Camp Nou,Barcelona,Spain,1,0,FC Barcelona,442,168,610
2020-01-09,2019-20,Supercopa de Espana,SF,FC Barcelona,Atletico Madrid,Neutral,King Abdullah Sports City,Jeddah,Saudi Arabia,1,0,FC Barcelona,443,168,611
2020-01-19,2019-20,La Liga,League Matchday,FC Barcelona,Granada,Home,Camp Nou,Barcelona,Spain,1,0,FC Barcelona,444,168,612
2020-01-30,2019-20,Copa del Rey,R16,FC Barcelona,Leganes,Home,Camp Nou,Barcelona,Spain,2,1,FC Barcelona,446,169,615
2020-02-02,2019-20,La Liga,League Matchday,FC Barcelona,Levante,Home,Camp Nou,Barcelona,Spain,0,2,FC Barcelona,446,171,617
2020-02-09,2019-20,La Liga,League Matchday,FC Barcelona,Real Betis,Away,Benito Villamarin,Seville,Spain,0,3,FC Barcelona,446,174,620
2020-02-15,2019-20,La Liga,League Matchday,FC Barcelona,Getafe,Home,Camp Nou,Barcelona,Spain,0,1,FC Barcelona,446,175,621
2020-02-22,2019-20,La Liga,League Matchday,FC Barcelona,Eibar,Home,Camp Nou,Barcelona,Spain,4,0,FC Barcelona,450,175,625
2020-03-07,2019-20,La Liga,League Matchday,FC Barcelona,Real Sociedad,Home,Camp Nou,Barcelona,Spain,1,0,FC Barcelona,451,175,626
2020-06-13,2019-20,La Liga,League Matchday,FC Barcelona,Mallorca,Away,Son Moix,Palma,Spain,1,2,FC Barcelona,452,177,629
2020-06-16,2019-20,La Liga,League Matchday,FC Barcelona,Leganes,Home,Camp Nou,Barcelona,Spain,1,0,FC Barcelona,453,177,630
2020-06-23,2019-20,La Liga,League Matchday,FC Barcelona,Athletic Bilbao,Home,Camp Nou,Barcelona,Spain,0,1,FC Barcelona,453,178,631
2020-06-27,2019-20,La Liga,League Matchday,FC Barcelona,Celta Vigo,Away,Balaidos,Vigo,Spain,0,2,FC Barcelona,453,180,633
2020-06-30,2019-20,La Liga,League Matchday,FC Barcelona,Atletico Madrid,Home,Camp Nou,Barcelona,Spain,1,0,FC Barcelona,454,180,634
2020-07-05,2020-21,La Liga,League Matchday,FC Barcelona,Villarreal,Away,Estadio de la Ceramica,Villarreal,Spain,0,2,FC Barcelona,454,182,636
2020-07-11,2020-21,La Liga,League Matchday,FC Barcelona,Real Valladolid,Away,Jose Zorrilla,Valladolid,Spain,0,1,FC Barcelona,454,183,637
2020-07-16,2020-21,La Liga,League Matchday,FC Barcelona,Osasuna,Home,Camp Nou,Barcelona,Spain,1,0,FC Barcelona,455,183,638
2020-07-19,2020-21,La Liga,League Matchday,FC Barcelona,Alaves,Away,Mendizorroza,Vitoria-Gasteiz,Spain,2,1,FC Barcelona,457,184,641
2020-08-08,2020-21,UEFA Champions League,R162L,FC Barcelona,Napoli,Home,Camp Nou,Barcelona,Spain,1,0,FC Barcelona,458,184,642
2020-09-27,2020-21,La Liga,League Matchday,FC Barcelona,Villarreal,Home,Camp Nou,Barcelona,Spain,1,0,FC Barcelona,459,184,643
2020-10-08,2020,CONMEBOL World Cup Qualifiers,N/A,Argentina,Ecuador,Home,Estadio Monumental,Buenos Aires,Argentina,1,0,Argentina,460,184,644
2020-10-20,2020-21,UEFA Champions League,Group,FC Barcelona,Ferencvaros,Home,Camp Nou,Barcelona,Spain,1,1,FC Barcelona,461,185,646
2020-10-28,2020-21,UEFA Champions League,Group,FC Barcelona,Juventus,Away,Allianz Stadium,Turin,Italy,1,1,FC Barcelona,462,186,648
2020-11-04,2020-21,UEFA Champions League,Group,FC Barcelona,Dynamo Kyiv,Home,Camp Nou,Barcelona,Spain,1,0,FC Barcelona,463,186,649
2020-11-07,2020-21,La Liga,League Matchday,FC Barcelona,Real Betis,Home,Camp Nou,Barcelona,Spain,2,0,FC Barcelona,465,186,651
2020-11-29,2020-21,La Liga,League Matchday,FC Barcelona,Osasuna,Home,Camp Nou,Barcelona,Spain,1,0,FC Barcelona,466,186,652
2020-12-13,2020-21,La Liga,League Matchday,FC Barcelona,Levante,Home,Camp Nou,Barcelona,Spain,1,0,FC Barcelona,467,186,653
2020-12-19,2020-21,La Liga,League Matchday,FC Barcelona,Valencia,Home,Camp Nou,Barcelona,Spain,1,0,FC Barcelona,468,186,654
2020-12-22,2020-21,La Liga,League Matchday,FC Barcelona,Real Valladolid,Away,Jose Zorrilla,Valladolid,Spain,1,1,FC Barcelona,469,187,656
2021-01-03,2020-21,La Liga,League Matchday,FC Barcelona,Huesca,Away,El Alcoraz,Huesca,Spain,0,1,FC Barcelona,469,188,657
2021-01-06,2020-21,La Liga,League Matchday,FC Barcelona,Athletic Bilbao,Away,San Mames,Bilbao,Spain,2,0,FC Barcelona,471,188,659
2021-01-09,2020-21,La Liga,League Matchday,FC Barcelona,Granada,Away,Nuevo Los Carmenes,Granada,Spain,2,0,FC Barcelona,473,188,661
2021-01-27,2020-21,Copa del Rey,R16,FC Barcelona,Rayo Vallecano,Away,Vallecas,Madrid,Spain,1,0,FC Barcelona,474,188,662
2021-01-31,2020-21,La Liga,League Matchday,FC Barcelona,Athletic Bilbao,Home,Camp Nou,Barcelona,Spain,1,0,FC Barcelona,475,188,663
2021-02-03,2020-21,Copa del Rey,QF,FC Barcelona,Granada,Away,Nuevo Los Carmenes,Granada,Spain,0,1,FC Barcelona,475,189,664
2021-02-07,2020-21,La Liga,League Matchday,FC Barcelona,Real Betis,Away,Benito Villamarin,Seville,Spain,1,0,FC Barcelona,476,189,665
2021-02-13,2020-21,La Liga,League Matchday,FC Barcelona,Alaves,Home,Camp Nou,Barcelona,Spain,2,1,FC Barcelona,478,190,668
2021-02-16,2020-21,UEFA Champions League,R161L,FC Barcelona,Paris Saint-Germain,Home,Camp Nou,Barcelona,Spain,1,0,FC Barcelona,479,190,669
2021-02-21,2020-21,La Liga,League Matchday,FC Barcelona,Cadiz,Home,Camp Nou,Barcelona,Spain,1,0,FC Barcelona,480,190,670
2021-02-24,2020-21,La Liga,League Matchday,FC Barcelona,Elche,Home,Camp Nou,Barcelona,Spain,2,0,FC Barcelona,482,190,672
2021-02-27,2020-21,La Liga,League Matchday,FC Barcelona,Sevilla,Away,Ramon Sanchez Pizjuan,Seville,Spain,1,1,FC Barcelona,483,191,674
2021-03-06,2020-21,La Liga,League Matchday,FC Barcelona,Osasuna,Away,El Sadar,Pamplona,Spain,0,2,FC Barcelona,483,193,676
2021-03-10,2020-21,UEFA Champions League,R162L,FC Barcelona,Paris Saint-Germain,Away,Parc des Princes,Paris,France,1,0,FC Barcelona,484,193,677
2021-03-15,2020-21,La Liga,League Matchday,FC Barcelona,Huesca,Home,Camp Nou,Barcelona,Spain,2,1,FC Barcelona,486,194,680
2021-03-21,2020-21,La Liga,League Matchday,FC Barcelona,Real Sociedad,Away,Reale Arena,San Sebastian,Spain,2,1,FC Barcelona,488,195,683
2021-04-17,2020-21,Copa del Rey,Final,FC Barcelona,Athletic Bilbao,Neutral,Estadio La Cartuja,Seville,Spain,2,0,FC Barcelona,490,195,685
2021-04-22,2020-21,La Liga,League Matchday,FC Barcelona,Getafe,Home,Camp Nou,Barcelona,Spain,2,1,FC Barcelona,492,196,688
2021-04-29,2020-21,La Liga,League Matchday,FC Barcelona,Granada,Home,Camp Nou,Barcelona,Spain,1,0,FC Barcelona,493,196,689
2021-05-02,2020-21,La Liga,League Matchday,FC Barcelona,Valencia,Away,Mestalla,Valencia,Spain,2,0,FC Barcelona,495,196,691
2021-05-11,2020-21,La Liga,League Matchday,FC Barcelona,Levante,Away,Ciutat de Valencia,Valencia,Spain,1,0,FC Barcelona,496,196,692
2021-05-16,2020-21,La Liga,League Matchday,FC Barcelona,Celta Vigo,Home,Camp Nou,Barcelona,Spain,1,0,FC Barcelona,497,196,693
2021-06-03,2021,CONMEBOL World Cup Qualifiers,N/A,Argentina,Chile,Home,Estadio Monumental,Buenos Aires,Argentina,1,0,Argentina,498,196,694
2021-06-14,2021,Copa America,Group,Argentina,Chile,Neutral,Estadio Nilton Santos,Rio de Janeiro,Brazil,1,0,Argentina,499,196,695
2021-06-18,2021,Copa America,Group,Argentina,Uruguay,Neutral,Estadio Nacional Mane Garrincha,Brasilia,Brazil,0,1,Argentina,499,197,696
2021-06-28,2021,Copa America,Group,Argentina,Bolivia,Neutral,Arena Pantanal,Cuiaba,Brazil,2,1,Argentina,501,198,699
2021-07-03,2021,Copa America,QF,Argentina,Ecuador,Neutral,Estadio Olimpico Pedro Ludovico,Goiania,Brazil,1,2,Argentina,502,200,702
2021-07-07,2021,Copa America,SF,Argentina,Colombia,Neutral,Estadio Nacional Mane Garrincha,Brasilia,Brazil,0,1,Argentina,502,201,703
2021-09-10,2021,CONMEBOL World Cup Qualifiers,N/A,Argentina,Bolivia,Home,Estadio Monumental,Buenos Aires,Argentina,3,0,Argentina,505,201,706
2021-09-28,2021-22,UEFA Champions League,Group,Paris Saint-Germain,Manchester City,Home,Parc des Princes,Paris,France,1,0,PSG,506,201,707
2021-10-10,2021,CONMEBOL World Cup Qualifiers,N/A,Argentina,Uruguay,Home,Estadio Monumental,Buenos Aires,Argentina,1,0,Argentina,507,201,708
2021-10-19,2021-22,UEFA Champions League,Group,Paris Saint-Germain,RB Leipzig,Home,Parc des Princes,Paris,France,2,0,PSG,509,201,710
2021-11-20,2021-22,Ligue 1,League Matchday,Paris Saint-Germain,Nantes,Home,Parc des Princes,Paris,France,1,0,PSG,510,201,711
2021-11-28,2021-22,Ligue 1,League Matchday,Paris Saint-Germain,St Etienne,Away,Stade Geoffroy-Guichard,Saint-Etienne,France,0,3,PSG,510,204,714
2021-12-07,2021-22,UEFA Champions League,Group,Paris Saint-Germain,Club Brugge,Home,Parc des Princes,Paris,France,2,0,PSG,512,204,716
2021-12-12,2021-22,Ligue 1,League Matchday,Paris Saint-Germain,Monaco,Home,Parc des Princes,Paris,France,0,1,PSG,512,205,717
2022-01-23,2021-22,Ligue 1,League Matchday,Paris Saint-Germain,Reims,Home,Parc des Princes,Paris,France,0,1,PSG,512,206,718
2022-02-06,2021-22,Ligue 1,League Matchday,Paris Saint-Germain,Lille,Away,Stade Pierre-Mauroy,Lille,France,1,1,PSG,513,207,720
2022-02-11,2021-22,Ligue 1,League Matchday,Paris Saint-Germain,Rennes,Home,Parc des Princes,Paris,France,0,1,PSG,513,208,721
2022-02-19,2021-22,Ligue 1,League Matchday,Paris Saint-Germain,Nantes,Away,Stade de la Beaujoire,Nantes,France,0,1,PSG,513,209,722
2022-02-26,2021-22,Ligue 1,League Matchday,Paris Saint-Germain,St Etienne,Home,Parc des Princes,Paris,France,0,2,PSG,513,211,724
2022-03-26,2022,CONMEBOL World Cup Qualifiers,N/A,Argentina,Venezuela,Home,Estadio Monumental,Buenos Aires,Argentina,1,0,Argentina,514,211,725
2022-04-03,2021-22,Ligue 1,League Matchday,Paris Saint-Germain,Lorient,Home,Parc des Princes,Paris,France,1,0,PSG,515,211,726
2022-04-09,2021-22,Ligue 1,League Matchday,Paris Saint-Germain,Clermont Foot,Away,Stade Gabriel Montpied,Clermont-Ferrand,France,0,3,PSG,515,214,729
2022-04-23,2021-22,Ligue 1,League Matchday,Paris Saint-Germain,Lens,Home,Parc des Princes,Paris,France,1,0,PSG,516,214,730
2022-05-14,2021-22,Ligue 1,League Matchday,Paris Saint-Germain,Montpellier,Away,Stade de la Mosson,Montpellier,France,2,0,PSG,518,214,732
2022-05-21,2021-22,Ligue 1,League Matchday,Paris Saint-Germain,Metz,Home,Parc des Princes,Paris,France,0,1,PSG,518,215,733
2022-06-01,2022,CONMEBOL-UEFA Finalissima,Final,Argentina,Italy,Neutral,Wembley Stadium,London,England,0,2,Argentina,518,217,735
2022-06-05,2022,International Friendly,N/A,Argentina,Estonia,Neutral,Estadio El Sadar,Pamplona,Spain,5,0,Argentina,523,217,740
2022-07-31,2022-23,Trophee des Champions,Final,Paris Saint-Germain,Nantes,Neutral,Bloomfield Stadium,Tel Aviv,Israel,1,0,PSG,524,217,741
2022-08-06,2022-23,Ligue 1,League Matchday,Paris Saint-Germain,Clermont Foot,Away,Stade Gabriel Montpied,Clermont-Ferrand,France,2,1,PSG,526,218,744
2022-08-21,2022-23,Ligue 1,League Matchday,Paris Saint-Germain,Lille,Away,Stade Pierre-Mauroy,Lille,France,1,1,PSG,527,219,746
2022-08-31,2022-23,Ligue 1,League Matchday,Paris Saint-Germain,Toulouse,Away,Stadium de Toulouse,Toulouse,France,0,2,PSG,527,221,748
2022-09-03,2022-23,Ligue 1,League Matchday,Paris Saint-Germain,Nantes,Away,Stade de la Beaujoire,Nantes,France,0,2,PSG,527,223,750
2022-09-10,2022-23,Ligue 1,League Matchday,Paris Saint-Germain,Brest,Home,Parc des Princes,Paris,France,0,1,PSG,527,224,751
2022-09-14,2022-23,UEFA Champions League,Group,Paris Saint-Germain,Maccabi Haifa,Away,Sammy Ofer Stadium,Haifa,Israel,1,1,PSG,528,225,753
2022-09-18,2022-23,Ligue 1,League Matchday,Paris Saint-Germain,Lyon,Away,Groupama Stadium,Lyon,France,1,0,PSG,529,225,754
2022-09-23,2022,International Friendly,N/A,Argentina,Honduras,Neutral,Hard Rock Stadium,Miami Gardens,USA,2,0,Argentina,531,225,756
2022-09-27,2022,International Friendly,N/A,Argentina,Jamaica,Neutral,Red Bull Arena,Harrison,USA,2,0,Argentina,533,225,758
2022-10-01,2022-23,Ligue 1,League Matchday,Paris Saint-Germain,Nice,Home,Parc des Princes,Paris,France,1,0,PSG,534,225,759
2022-10-05,2022-23,UEFA Champions League,Group,Paris Saint-Germain,Benfica,Away,Estadio da Luz,Lisbon,Portugal,1,0,PSG,535,225,760
2022-10-21,2022-23,Ligue 1,League Matchday,Paris Saint-Germain,Ajaccio,Away,Stade Francois Coty,Ajaccio,France,1,2,PSG,536,227,763
2022-10-25,2022-23,UEFA Champions League,Group,Paris Saint-Germain,Maccabi Haifa,Home,Parc des Princes,Paris,France,2,2,PSG,538,229,767
2022-10-29,2022-23,Ligue 1,League Matchday,Paris Saint-Germain,Troyes,Home,Parc des Princes,Paris,France,1,1,PSG,539,230,769
2022-11-02,2022-23,UEFA Champions League,Group,Paris Saint-Germain,Juventus,Away,Allianz Stadium,Turin,Italy,0,1,PSG,539,231,770
2022-11-16,2022,International Friendly,N/A,Argentina,United Arab Emirates,Away,Zayed Sports City Stadium,Abu Dhabi,UAE,1,1,Argentina,540,232,772
2022-11-22,2022,FIFA World Cup,Group,Argentina,Saudi Arabia,Neutral,Lusail Stadium,Lusail,Qatar,1,0,Argentina,541,232,773
2022-11-26,2022,FIFA World Cup,Group,Argentina,Mexico,Neutral,Lusail Stadium,Lusail,Qatar,1,1,Argentina,542,233,775
2022-12-03,2022,FIFA World Cup,R16,Argentina,Australia,Neutral,Ahmad bin Ali Stadium,Al Rayyan,Qatar,1,0,Argentina,543,233,776
2022-12-09,2022,FIFA World Cup,QF,Argentina,Netherlands,Neutral,Lusail Stadium,Lusail,Qatar,1,1,Argentina,544,234,778
2022-12-13,2022,FIFA World Cup,SF,Argentina,Croatia,Neutral,Lusail Stadium,Lusail,Qatar,1,1,Argentina,545,235,780
2022-12-18,2022,FIFA World Cup,Final,Argentina,France,Neutral,Lusail Stadium,Lusail,Qatar,2,0,Argentina,547,235,782
2023-01-11,2022-23,Ligue 1,League Matchday,Paris Saint-Germain,Angers,Home,Parc des Princes,Paris,France,1,0,PSG,548,235,783
2023-02-01,2022-23,Ligue 1,League Matchday,Paris Saint-Germain,Montpellier,Away,Stade de la Mosson,Montpellier,France,1,0,PSG,549,235,784
2023-02-04,2022-23,Ligue 1,League Matchday,Paris Saint-Germain,Toulouse,Home,Parc des Princes,Paris,France,1,0,PSG,550,235,785
2023-02-19,2022-23,Ligue 1,League Matchday,Paris Saint-Germain,Lille,Home,Parc des Princes,Paris,France,1,0,PSG,551,235,786
2023-02-26,2022-23,Ligue 1,League Matchday,Paris Saint-Germain,Marseille,Away,Stade Velodrome,Marseille,France,1,2,PSG,552,237,789
2023-03-04,2022-23,Ligue 1,League Matchday,Paris Saint-Germain,Nantes,Home,Parc des Princes,Paris,France,1,0,PSG,553,237,790
2023-03-11,2022-23,Ligue 1,League Matchday,Paris Saint-Germain,Brest,Away,Stade Francis-Le Ble,Brest,France,0,1,PSG,553,238,791
2023-03-23,2023,International Friendly,N/A,Argentina,Panama,Home,Estadio Monumental,Buenos Aires,Argentina,1,0,Argentina,554,238,792
2023-03-28,2023,International Friendly,N/A,Argentina,Curacao,Home,Estadio Monumental,Buenos Aires,Argentina,3,1,Argentina,557,239,796
2023-04-08,2022-23,Ligue 1,League Matchday,Paris Saint-Germain,Nice,Away,Allianz Riviera,Nice,France,1,1,PSG,558,240,798
2023-04-15,2022-23,Ligue 1,League Matchday,Paris Saint-Germain,Lens,Home,Parc des Princes,Paris,France,1,0,PSG,559,240,799
2023-04-21,2022-23,Ligue 1,League Matchday,Paris Saint-Germain,Angers,Away,Stade Raymond Kopa,Angers,France,0,1,PSG,559,241,800
2023-05-21,2022-23,Ligue 1,League Matchday,Paris Saint-Germain,Auxerre,Away,Stade Abbe-Deschamps,Auxerre,France,0,1,PSG,559,242,801
2023-05-27,2022-23,Ligue 1,League Matchday,Paris Saint-Germain,Strasbourg,Away,Stade de la Meinau,Strasbourg,France,1,0,PSG,560,242,802
2023-06-15,2023,International Friendly,N/A,Argentina,Australia,Neutral,Workers Stadium,Beijing,China,1,0,Argentina,561,242,803
2023-07-21,2023,Leagues Cup,Group,Inter Miami CF,Cruz Azul,Home,Chase Stadium,Fort Lauderdale,USA,1,0,Inter Miami CF,562,242,804
2023-07-25,2023,Leagues Cup,Group,Inter Miami CF,Atlanta United,Home,Chase Stadium,Fort Lauderdale,USA,2,1,Inter Miami CF,564,243,807
2023-08-02,2023,Leagues Cup,R32,Inter Miami CF,Orlando City,Home,Chase Stadium,Fort Lauderdale,USA,2,0,Inter Miami CF,566,243,809
2023-08-06,2023,Leagues Cup,R16,Inter Miami CF,FC Dallas,Away,Toyota Stadium,Frisco,USA,2,0,Inter Miami CF,568,243,811
2023-08-12,2023,Leagues Cup,QF,Inter Miami CF,Charlotte FC,Home,Chase Stadium,Fort Lauderdale,USA,1,0,Inter Miami CF,569,243,812
2023-08-15,2023,Leagues Cup,SF,Inter Miami CF,Philadelphia Union,Away,Subaru Park,Chester,USA,1,0,Inter Miami CF,570,243,813
2023-08-19,2023,Leagues Cup,Final,Inter Miami CF,Nashville SC,Away,Geodis Park,Nashville,USA,1,0,Inter Miami CF,571,243,814
2023-08-23,2023,U.S. Open Cup,SF,Inter Miami CF,FC Cincinnati,Away,TQL Stadium,Cincinnati,USA,0,2,Inter Miami CF,571,245,816
2023-08-26,2023,Major League Soccer,League Matchday,Inter Miami CF,New York Red Bulls,Away,Red Bull Arena,Harrison,USA,1,0,Inter Miami CF,572,245,817
2023-09-03,2023,Major League Soccer,League Matchday,Inter Miami CF,LAFC,Away,BMO Stadium,Los Angeles,USA,0,2,Inter Miami CF,572,247,819
2023-09-07,2023,CONMEBOL World Cup Qualifiers,N/A,Argentina,Ecuador,Home,Estadio Monumental,Buenos Aires,Argentina,1,0,Argentina,573,247,820
2023-10-17,2023,CONMEBOL World Cup Qualifiers,N/A,Argentina,Peru,Away,Estadio Nacional,Lima,Peru,2,0,Argentina,575,247,822
2024-02-21,2024,Major League Soccer,League Matchday,Inter Miami CF,Real Salt Lake,Home,Chase Stadium,Fort Lauderdale,USA,0,1,Inter Miami CF,575,248,823
2024-02-25,2024,Major League Soccer,League Matchday,Inter Miami CF,LA Galaxy,Away,Dignity Health Sports Park,Carson,USA,1,0,Inter Miami CF,576,248,824
2024-03-02,2024,Major League Soccer,League Matchday,Inter Miami CF,Orlando City,Home,Chase Stadium,Fort Lauderdale,USA,2,0,Inter Miami CF,578,248,826
2024-03-07,2024,CONCACAF Champions Cup,R161L,Inter Miami CF,Nashville SC,Away,Geodis Park,Nashville,USA,1,0,Inter Miami CF,579,248,827
2024-03-13,2024,CONCACAF Champions Cup,R162L,Inter Miami CF,Nashville SC,Home,Chase Stadium,Fort Lauderdale,USA,1,1,Inter Miami CF,580,249,829
2024-04-06,2024,Major League Soccer,League Matchday,Inter Miami CF,Colorado Rapids,Home,Chase Stadium,Fort Lauderdale,USA,1,0,Inter Miami CF,581,249,830
2024-04-10,2024,CONCACAF Champions Cup,QF2L,Inter Miami CF,Monterrey,Away,Estadio BBVA,Monterrey,Mexico,0,1,Inter Miami CF,581,250,831
2024-04-13,2024,Major League Soccer,League Matchday,Inter Miami CF,Sporting Kansas City,Away,Children's Mercy Park,Kansas City,USA,1,1,Inter Miami CF,582,251,833
2024-04-20,2024,Major League Soccer,League Matchday,Inter Miami CF,Nashville SC,Home,Chase Stadium,Fort Lauderdale,USA,2,1,Inter Miami CF,584,252,836
2024-04-27,2024,Major League Soccer,League Matchday,Inter Miami CF,New England,Away,Gillette Stadium,Foxborough,USA,2,1,Inter Miami CF,586,253,839
2024-05-04,2024,Major League Soccer,League Matchday,Inter Miami CF,New York Red Bulls,Home,Chase Stadium,Fort Lauderdale,USA,1,5,Inter Miami CF,587,258,845
2024-05-29,2024,Major League Soccer,League Matchday,Inter Miami CF,Atlanta United,Home,Chase Stadium,Fort Lauderdale,USA,1,0,Inter Miami CF,588,258,846
2024-06-01,2024,Major League Soccer,League Matchday,Inter Miami CF,St. Louis,Home,Chase Stadium,Fort Lauderdale,USA,1,0,Inter Miami CF,589,258,847
2024-06-14,2024,International Friendly,N/A,Argentina,Guatemala,Neutral,FedExField,Landover,USA,2,1,Argentina,591,259,850
2024-06-20,2024,Copa America,Group,Argentina,Canada,Neutral,Mercedes-Benz Stadium,Atlanta,USA,0,1,Argentina,591,260,851
2024-07-09,2024,Copa America,SF,Argentina,Canada,Neutral,MetLife Stadium,East Rutherford,USA,1,0,Argentina,592,260,852
2024-09-14,2024,Major League Soccer,League Matchday,Inter Miami CF,Philadelphia Union,Home,Chase Stadium,Fort Lauderdale,USA,2,1,Inter Miami CF,594,261,855
2024-09-29,2024,Major League Soccer,League Matchday,Inter Miami CF,Charlotte FC,Home,Chase Stadium,Fort Lauderdale,USA,1,0,Inter Miami CF,595,261,856
2024-10-02,2024,Major League Soccer,League Matchday,Inter Miami CF,Columbus,Away,Lower.com Field,Columbus,USA,2,0,Inter Miami CF,597,261,858
2024-10-15,2024,CONMEBOL World Cup Qualifiers,N/A,Argentina,Bolivia,Home,Estadio Monumental,Buenos Aires,Argentina,3,2,Argentina,600,263,863
2024-10-19,2024,Major League Soccer,League Matchday,Inter Miami CF,New England,Home,Chase Stadium,Fort Lauderdale,USA,3,0,Inter Miami CF,603,263,866
2024-10-25,2024,MLS Cup Playoffs,R16,Inter Miami CF,Atlanta United,Home,Chase Stadium,Fort Lauderdale,USA,0,1,Inter Miami CF,603,264,867
2024-11-09,2024,MLS Cup Playoffs,R16,Inter Miami CF,Atlanta United,Home,Chase Stadium,Fort Lauderdale,USA,1,0,Inter Miami CF,604,264,868
2024-11-19,2024,CONMEBOL World Cup Qualifiers,N/A,Argentina,Peru,Home,Estadio Monumental,Buenos Aires,Argentina,0,1,Argentina,604,265,869
2025-02-19,2025,CONCACAF Champions Cup,R321L,Inter Miami CF,Sporting Kansas City,Away,Children's Mercy Park,Kansas City,USA,1,0,Inter Miami CF,605,265,870
2025-02-22,2025,Major League Soccer,League Matchday,Inter Miami CF,New York City,Home,Chase Stadium,Fort Lauderdale,USA,0,2,Inter Miami CF,605,267,872
2025-02-25,2025,CONCACAF Champions Cup,R322L,Inter Miami CF,Sporting Kansas City,Home,Chase Stadium,Fort Lauderdale,USA,1,0,Inter Miami CF,606,267,873
2025-03-13,2025,CONCACAF Champions Cup,R162L,Inter Miami CF,Cavalier,Away,Stadium East,Kingston,Jamaica,1,0,Inter Miami CF,607,267,874
2025-03-16,2025,Major League Soccer,League Matchday,Inter Miami CF,Atlanta United,Away,Mercedes-Benz Stadium,Atlanta,USA,1,0,Inter Miami CF,608,267,875
2025-03-29,2025,Major League Soccer,League Matchday,Inter Miami CF,Philadelphia Union,Home,Chase Stadium,Fort Lauderdale,USA,1,0,Inter Miami CF,609,267,876
2025-04-07,2025,Major League Soccer,League Matchday,Inter Miami CF,Toronto,Home,Chase Stadium,Fort Lauderdale,USA,1,0,Inter Miami CF,610,267,877
2025-04-09,2025,CONCACAF Champions Cup,QF2L,Inter Miami CF,LAFC,Home,Chase Stadium,Fort Lauderdale,USA,2,0,Inter Miami CF,612,267,879
2025-05-03,2025,Major League Soccer,League Matchday,Inter Miami CF,New York Red Bulls,Home,Chase Stadium,Fort Lauderdale,USA,1,0,Inter Miami CF,613,267,880
2025-05-10,2025,Major League Soccer,League Matchday,Inter Miami CF,Minnesota,Away,Allianz Field,Saint Paul,USA,1,0,Inter Miami CF,614,267,881
2025-05-24,2025,Major League Soccer,League Matchday,Inter Miami CF,Philadelphia Union,Away,Subaru Park,Chester,USA,1,0,Inter Miami CF,615,267,882
2025-05-28,2025,Major League Soccer,League Matchday,Inter Miami CF,Montreal,Home,Chase Stadium,Fort Lauderdale,USA,2,1,Inter Miami CF,617,268,885
2025-05-31,2025,Major League Soccer,League Matchday,Inter Miami CF,Columbus,Home,Chase Stadium,Fort Lauderdale,USA,2,2,Inter Miami CF,619,270,889
2025-06-19,2025,FIFA Club World Cup,Group,Inter Miami CF,FC Porto,Neutral,Mercedes-Benz Stadium,Atlanta,USA,1,0,Inter Miami CF,620,270,890
2025-07-05,2025,Major League Soccer,League Matchday,Inter Miami CF,Montreal,Away,Stade Saputo,Montreal,Canada,2,1,Inter Miami CF,622,271,893
2025-07-10,2025,Major League Soccer,League Matchday,Inter Miami CF,New England,Away,Gillette Stadium,Foxborough,USA,2,0,Inter Miami CF,624,271,895
2025-07-13,2025,Major League Soccer,League Matchday,Inter Miami CF,Nashville SC,Home,Chase Stadium,Fort Lauderdale,USA,2,0,Inter Miami CF,626,271,897
2025-07-19,2025,Major League Soccer,League Matchday,Inter Miami CF,New York Red Bulls,Away,Red Bull Arena,Harrison,USA,2,1,Inter Miami CF,628,272,900
2025-07-30,2025,Leagues Cup,Group,Inter Miami CF,Atlas,Home,Chase Stadium,Fort Lauderdale,USA,0,2,Inter Miami CF,628,274,902
2025-08-16,2025,Major League Soccer,League Matchday,Inter Miami CF,LA Galaxy,Home,Chase Stadium,Fort Lauderdale,USA,1,1,Inter Miami CF,629,275,904
2025-08-27,2025,Leagues Cup,SF,Inter Miami CF,Orlando City,Home,Chase Stadium,Fort Lauderdale,USA,2,0,Inter Miami CF,631,275,906
2025-09-04,2025,CONMEBOL World Cup Qualifiers,N/A,Argentina,Venezuela,Home,Estadio Monumental,Buenos Aires,Argentina,2,0,Argentina,633,275,908
2025-09-16,2025,Major League Soccer,League Matchday,Inter Miami CF,Seattle Sounders,Home,Chase Stadium,Fort Lauderdale,USA,1,1,Inter Miami CF,634,276,910
2025-09-20,2025,Major League Soccer,League Matchday,Inter Miami CF,DC United,Home,Chase Stadium,Fort Lauderdale,USA,2,1,Inter Miami CF,636,277,913
2025-09-24,2025,Major League Soccer,League Matchday,Inter Miami CF,New York City,Away,Yankee Stadium,New York,USA,2,1,Inter Miami CF,638,278,916
2025-10-04,2025,Major League Soccer,League Matchday,Inter Miami CF,New England,Home,Chase Stadium,Fort Lauderdale,USA,0,3,Inter Miami CF,638,281,919
2025-10-12,2025,Major League Soccer,League Matchday,Inter Miami CF,Atlanta United,Home,Chase Stadium,Fort Lauderdale,USA,2,1,Inter Miami CF,640,282,922
2025-10-14,2025,International Friendly,N/A,Argentina,Puerto Rico,Neutral,Chase Stadium,Fort Lauderdale,USA,0,2,Argentina,640,284,924
2025-10-18,2025,Major League Soccer,League Matchday,Inter Miami CF,Nashville SC,Away,Geodis Park,Nashville,USA,3,1,Inter Miami CF,643,285,928
2025-10-24,2025,MLS Cup Playoffs,R16,Inter Miami CF,Nashville SC,Home,Chase Stadium,Fort Lauderdale,USA,2,0,Inter Miami CF,645,285,930
2025-11-01,2025,MLS Cup Playoffs,R16,Inter Miami CF,Nashville SC,Away,Geodis Park,Nashville,USA,1,0,Inter Miami CF,646,285,931
2025-11-08,2025,MLS Cup Playoffs,R16,Inter Miami CF,Nashville SC,Home,Chase Stadium,Fort Lauderdale,USA,2,1,Inter Miami CF,648,286,934
2025-11-14,2025,International Friendly,N/A,Argentina,Angola,Away,Estadio 11 de Novembro,Luanda,Angola,1,1,Argentina,649,287,936
2025-11-23,2025,MLS Cup Playoffs,QF,Inter Miami CF,FC Cincinnati,Away,TQL Stadium,Cincinnati,USA,1,3,Inter Miami CF,650,290,940
2025-11-29,2025,MLS Cup Playoffs,SF,Inter Miami CF,New York City,Home,Chase Stadium,Fort Lauderdale,USA,0,1,Inter Miami CF,650,291,941
2025-12-06,2025,MLS Cup Playoffs,Final,Inter Miami CF,Vancouver,Home,Chase Stadium,Fort Lauderdale,USA,0,2,Inter Miami CF,650,293,943
2026-03-01,2026,Major League Soccer,League Matchday,Inter Miami CF,Orlando City,Away,Inter&Co Stadium,Orlando,USA,2,0,Inter Miami CF,652,293,945
2026-03-07,2026,Major League Soccer,League Matchday,Inter Miami CF,DC United,Away,Audi Field,Washington D.C.,USA,1,0,Inter Miami CF,653,293,946
2026-03-18,2026,CONCACAF Champions Cup,R162L,Inter Miami CF,Nashville SC,Home,Chase Stadium,Fort Lauderdale,USA,1,0,Inter Miami CF,654,293,947
2026-03-22,2026,Major League Soccer,League Matchday,Inter Miami CF,New York City,Away,Yankee Stadium,New York,USA,1,0,Inter Miami CF,655,293,948
2026-03-31,2026,International Friendly,N/A,Argentina,Zambia,Home,Estadio Monumental,Buenos Aires,Argentina,1,0,Argentina,656,293,949
2026-04-04,2026,Major League Soccer,League Matchday,Inter Miami CF,Austin,Home,Chase Stadium,Fort Lauderdale,USA,1,0,Inter Miami CF,657,293,950
2026-04-18,2026,Major League Soccer,League Matchday,Inter Miami CF,Colorado Rapids,Away,Dick's Sporting Goods Park,Commerce City,USA,2,0,Inter Miami CF,659,293,952
2026-05-02,2026,Major League Soccer,League Matchday,Inter Miami CF,Orlando City,Home,Chase Stadium,Fort Lauderdale,USA,1,1,Inter Miami CF,660,294,954
2026-05-09,2026,Major League Soccer,League Matchday,Inter Miami CF,Toronto,Away,BMO Field,Toronto,Canada,1,2,Inter Miami CF,661,296,957
2026-05-13,2026,Major League Soccer,League Matchday,Inter Miami CF,FC Cincinnati,Away,TQL Stadium,Cincinnati,USA,2,1,Inter Miami CF,663,297,960
2026-05-17,2026,Major League Soccer,League Matchday,Inter Miami CF,Portland Timbers,Home,Chase Stadium,Fort Lauderdale,USA,1,1,Inter Miami CF,664,298,962
2026-05-24,2026,Major League Soccer,League Matchday,Inter Miami CF,Philadelphia Union,Home,Chase Stadium,Fort Lauderdale,USA,0,2,Inter Miami CF,664,300,964
2026-06-09,2026,International Friendly,N/A,Argentina,Iceland,Neutral,Jordan-Hare Stadium,Auburn,USA,1,0,Argentina,665,300,965
2026-06-16,2026,FIFA World Cup,group,Argentina,Algeria,Neutral,Arrowhead Stadium,Kansas City,USA,3,0,Argentina,668,300,968
2026-06-22,2026,FIFA World Cup,group,Argentina,Austria,Neutral,AT&T Stadium,Arlington,USA,2,0,Argentina,670,300,970
2026-06-27,2026,FIFA World Cup,group,Argentina,Jordan,Neutral,AT&T Stadium,Arlington,USA,1,0,Argentina,671,300,971
2026-07-03,2026,FIFA World Cup,R32,Argentina,Cape Verde,Neutral,Hard Rock Stadium,Miami Gardens,USA,1,0,Argentina,672,300,972
2026-07-07,2026,FIFA World Cup,R16,Argentina,Egypt,Neutral,Mercedes-Benz Stadium,Atlanta,USA,1,1,Argentina,673,301,974
2026-07-11,2026,FIFA World Cup,QF,Argentina,Switzerland,Neutral,Arrowhead Stadium,Kansas City,USA,0,1,Argentina,673,302,975
2026-07-15,2026,FIFA World Cup,SF,Argentina,England,Neutral,Mercedes-Benz Stadium,Atlanta,USA,0,2,Argentina,673,304,977
2026-08-05,2026,Leagues Cup,Group,Inter Miami CF,Atletico San Luis,Home,Nu Stadium,Miami,USA,2,0,Inter Miami CF,675,304,979
